{
    "sadovoe": [[55.751320799999995, 37.65590074285715], [55.773285699999995, 37.62894286], [55.73896413846153, 37.58596154615385], [55.7590022375, 37.5847388], [55.77032656666666, 37.64360911666667], [55.75634175, 37.58407408333333], [55.744766059999996, 37.583313], [55.75567381999999, 37.65745556], [55.77310785, 37.608387975], [55.77209083333333, 37.6373866], [55.72965765, 37.61661035], [55.73123842, 37.60749656], [55.772754975, 37.6324134], [55.7734582, 37.6128534], [55.74445555, 37.65515335], [55.7322216, 37.604537275], [55.7638518625, 37.65643375], [55.733385625, 37.6417302125], [55.738856659999996, 37.65016086], [55.77022945, 37.59773145], [55.7322968, 37.639778750000005], [55.73129346666667, 37.637626266666665], [55.752478175, 37.583343025000005], [55.76834805, 37.650213225], [55.73556205555556, 37.59408027777778], [55.76773455, 37.593314649999996], [55.737044100000006, 37.5898734], [55.772461925, 37.60440555], [55.730049699999995, 37.61148595], [55.7303507, 37.63033355], [55.76590335, 37.5907352], [55.77139165, 37.6008063], [55.73093527142857, 37.63587417142857], [55.76939626666667, 37.646674966666666], [55.734358099999994, 37.64345856], [55.729896499999995, 37.626078899999996], [55.749271199999995, 37.65575615555556], [55.75837553333333, 37.65779306666667], [55.73454035, 37.59730545], [55.7735615, 37.62590285], [55.7334166, 37.6008123], [55.729763, 37.6231545], [55.74019975, 37.652035549999994], [55.747262, 37.5824246], [55.7735134, 37.61515595], [55.7297644, 37.6200738], [55.7690619, 37.5954083], [55.7296712, 37.6145305], [55.7492168, 37.58277665], [55.74265845, 37.6545781]],
    "trr": [[55.70110984, 37.61042122], [55.70456853333334, 37.6600593], [55.72000326666667, 37.5619867], [55.789840483333336, 37.571681250000005], [55.78681626666667, 37.661622349999995], [55.72586915, 37.549224375], [55.70377873333333, 37.643278], [55.73255983333333, 37.7029864], [55.791935820000006, 37.57667692], [55.725743460000004, 37.7112577], [55.75660511666666, 37.5333123], [55.77694897142857, 37.68063755714286], [55.792365419999996, 37.628612880000006], [55.76663881666667, 37.53795676666667], [55.73047212, 37.54470836], [55.7927364, 37.605146866666665], [55.773915933333335, 37.5499493], [55.70331276666667, 37.65035253333333], [55.722291425, 37.554556274999996], [55.75062816666667, 37.69711168333333], [55.70662649, 37.58928664], [55.7859311, 37.56633646666666], [55.734292728571425, 37.54261001428571], [55.712425966666665, 37.579291033333334], [55.7795267, 37.5575088], [55.774734928571434, 37.55322475714286], [55.792171659999994, 37.594529980000004], [55.7226965, 37.709809375], [55.748361675, 37.699113925], [55.737666675, 37.5378767625], [55.79194776666666, 37.636489233333336], [55.7920131, 37.582209266666666], [55.72027393333334, 37.70129166666667], [55.71713905, 37.69019585], [55.742984477777775, 37.533987499999995], [55.7784894, 37.6766143], [55.704543075000004, 37.636185499999996], [55.71188933333334, 37.67366896666667], [55.766277333333335, 37.6872062], [55.759967625, 37.68462585], [55.78387948333333, 37.6655001], [55.74952855, 37.5320738], [55.761426300000004, 37.535181025], [55.78286273333333, 37.56199423333333], [55.79249375, 37.59953165], [55.703732875, 37.599545175], [55.74410055, 37.698708100000005], [55.736691699999994, 37.698433699999995], [55.705132649999996, 37.630233450000006], [55.79270483333334, 37.62387123333334], [55.7158354, 37.6848782], [55.79305625, 37.612977349999994], [55.77496628, 37.6835693], [55.70199496666667, 37.61452863333333], [55.715143899999994, 37.575582], [55.7703444, 37.5423042], [55.70577735, 37.62237385], [55.70309495, 37.65484335], [55.7908355, 37.6566356], [55.70560745, 37.592618349999995], [55.705545825, 37.626104525], [55.7185005, 37.6951358], [55.7095752, 37.6694375], [55.79310755, 37.6169903], [55.79213653333333, 37.585453199999996], [55.776934600000004, 37.555602], [55.79227383333333, 37.639485533333335], [55.792634033333336, 37.65378983333333], [55.704446950000005, 37.5964544], [55.74570575, 37.5331799]],